id,username,email,password,roleId,teacherId
1,admin,admin@admin.com,$2b$10$ALgBU8FhrldmP9puwln8a.myb4KBdAQXrwNwI2STEnVPfpbCA9zA6,1,
2,admin1,admin1@admin.com,$2b$10$UgEpibtV9td3fQ4nYR.db.IJdMWy69v4khxa1FUXsfF8CI.G9vHDO,2,
3,admin2,admin2@admin.com,$2b$10$SaQ7gIcyQUpg8WQYgCjgW.b9N1iUJ6PJQ1RgTEKKZMD9IRJ9jYG7q,2,
4,admin3,admin3@admin.com,$2b$10$XDEJPJpT4LzNDO7ejxT.eeUGw5x2Cw1l6FjK0ntYuS4SvES3QWUUC,2,
5,Chumnanwit1,Chumnanwit1@gmail.com,$2b$10$Yn1L3gdHNJlM/pwZlrHVY.r4DXqj72uDWSsSPXzWkJTpxKDH7vp.y,2,1
6,pitchaya2,pitchaya2@gmail.com,$2b$10$eiEPOk7x7vf32jiemcQGZuRtWXp1Br9U1DmTAn4LpLOgc3qVGthlC,2,2
7,amon3,amon3@gmail.com,$2b$10$n7hRel3YTtBIlMi/oyd1A.5bWcraaraQ8I2MTvDuOiG23zIe2huB.,3,3
8,pornsiri4,pornsiri4@gmail.com,$2b$10$n7hRel3YTtBIlMi/oyd1A.5bWcraaraQ8I2MTvDuOiG23zIe2huB.,3,4
9,kesorn5,kesorn5@gmail.com,$2b$10$n7hRel3YTtBIlMi/oyd1A.5bWcraaraQ8I2MTvDuOiG23zIe2huB.,3,5
10,Nutthawut6,Nutthawut6@gmail.com,$2b$10$n7hRel3YTtBIlMi/oyd1A.5bWcraaraQ8I2MTvDuOiG23zIe2huB.,3,6
11,wilailak7,wilailak7@gmail.com,$2b$10$n7hRel3YTtBIlMi/oyd1A.5bWcraaraQ8I2MTvDuOiG23zIe2huB.,3,7
12,surangkana8,surangkana8@gmail.com,$2b$10$n7hRel3YTtBIlMi/oyd1A.5bWcraaraQ8I2MTvDuOiG23zIe2huB.,3,8
13,sarunya9,sarunya9@gmail.com,$2b$10$n7hRel3YTtBIlMi/oyd1A.5bWcraaraQ8I2MTvDuOiG23zIe2huB.,3,9
14,jeeranan10,jeeranan10@gmail.com,$2b$10$n7hRel3YTtBIlMi/oyd1A.5bWcraaraQ8I2MTvDuOiG23zIe2huB.,3,10
15,silikanya11,silikanya11@gmail.com,$2b$10$n7hRel3YTtBIlMi/oyd1A.5bWcraaraQ8I2MTvDuOiG23zIe2huB.,3,11
16,kamonchanok12,kamonchanok12@gmail.com,$2b$10$n7hRel3YTtBIlMi/oyd1A.5bWcraaraQ8I2MTvDuOiG23zIe2huB.,3,12
17,taweesak18,taweesak18@gmail.com,$2b$10$n7hRel3YTtBIlMi/oyd1A.5bWcraaraQ8I2MTvDuOiG23zIe2huB.,3,13
18,suphachai13,suphachai13@gmail.com,$2b$10$n7hRel3YTtBIlMi/oyd1A.5bWcraaraQ8I2MTvDuOiG23zIe2huB.,3,14
19,ubon14,ubon14@gmail.com,$2b$10$n7hRel3YTtBIlMi/oyd1A.5bWcraaraQ8I2MTvDuOiG23zIe2huB.,3,15
20,waraporn15,waraporn15@gmail.com,$2b$10$n7hRel3YTtBIlMi/oyd1A.5bWcraaraQ8I2MTvDuOiG23zIe2huB.,3,16
21,theeraphong16,theeraphong16@gmail.com,$2b$10$n7hRel3YTtBIlMi/oyd1A.5bWcraaraQ8I2MTvDuOiG23zIe2huB.,3,17
22,larn17,larn17@gmail.com,$2b$10$n7hRel3YTtBIlMi/oyd1A.5bWcraaraQ8I2MTvDuOiG23zIe2huB.,3,18
